id,name,counts
1,菅澤 菜々美,2
2,早美 寿明,3
3,小高 美咲,4
4,津田 照生,1
5,菊地 玲那,1
6,福永 エリカ,1
7,大場 コウ,1
8,関 良介,1
10,広瀬 隆之介,2
11,岩谷 ひとみ,3
12,市田 良介,1
13,柳沢 莉緒,2
14,生瀬 隆太,2
15,臼井 路子,2
16,小野田 怜奈,1
17,今井 勇,2
18,山城 陽介,5
19,細野 充則,1
21,竹田 右京,3
22,中沢 研二,2
23,堀口 さとみ,1
24,加瀬 龍吉,1
25,中島 佳乃,4
26,野際 さとみ,3
27,中 恭子,3
28,児島 フミヤ,4
29,越智 知世,2
30,福本 彩華,2
31,笠井 あや子,3
32,笹川 直人,2
33,新井 なつみ,2
34,村田 玲那,2
35,志村 恵望子,1
36,西沢 かおり,3
37,寺田 かおり,1
40,早川 雅之,3
41,金田 獅童,1
42,内藤 みき,3
44,松下 明宏,2
45,菊地 耕司,3
47,菅原 洋介,4
48,伊藤 美和子,3
49,浅沼 ノブヒコ,3
50,寺尾 明日,3
51,柳 コウ,1
52,山岡 あき,2
53,谷 一代,4
54,柴田 那奈,2
56,末永 悟志,2
57,河野 優一,1
59,亀井 恵望子,1
60,宮川 まなみ,1
61,金山 公顕,3
62,坂下 優一,2
63,小木 愛,1
64,三浦 裕司,6
65,伊藤 鉄洋,1
67,倉本 小雁,2
68,阿井 美咲,1
69,松村 真一,2
70,西川 勇介,3
71,吉田 健,3
72,神崎 恭子,2
73,尾上 一輝,5
74,白鳥 聖陽,4
75,藤山 ノブヒコ,2
76,坂本 直人,1
77,柏木 真悠子,3
78,有田 七世,2
79,小杉 聡,1
81,古賀 優,4
82,手島 さやか,4
83,海音寺 エリカ,1
84,有賀 千夏,4
85,有村 ひとり,2
86,高山 弘也,4
87,松岡 徹,1
88,笹川 ケンイチ,1
89,岡本 蒼甫,1
90,高井 長利,2
91,尾崎 惇,5
92,大沼 聡,5
93,山本 小雁,6
94,松原 勝久,2
95,今 璃子,3
96,宮本 沙知絵,1
97,藤村 瑠璃亜,3
98,柴山 健,2
99,藤村 景子,2
100,緒形 綾,1
101,木内 由宇,1
103,井口 サンタマリア,1
105,喜多 まみ,1
106,大山 満,1
107,中里 勝久,2
108,勝地 浩介,1
109,上条 慶太,2
110,河田 雅之,2
111,若槻 友也,1
112,金森 さやか,1
113,浜 みゆき,4
114,中原 惇,1
116,石原 里奈,1
117,浜崎 聖陽,2
119,片桐 和久,1
120,伊丹 桃子,2
121,田代 たまき,1
122,塩見 真悠子,1
123,畠山 長利,5
124,小野寺 進,2
125,大西 聡,1
126,皆川 孝太郎,4
127,中西 秀樹,2
128,織田 有海,2
129,熊井 里奈,1
130,高樹 綾女,4
131,沼田 めぐみ,3
132,深井 佑,1
134,伊崎 樹里,4
135,諏訪 未華子,1
136,島津 杏,3
137,荻原 七世,3
138,丹羽 優,7
139,坂井 夏希,2
140,浅野 右京,1
141,滝田 祐基,1
142,上原 くるみ,3
143,大和 圭,4
144,青山 恵子,2
145,伊沢 隼士,4
146,神木 仁晶,1
148,仲田 一恵,1
149,村井 まさみ,4
150,熊田 美佐,1
151,宮地 兼,1
152,大西 竜也,4
155,中沢 ひかり,5
156,井沢 ひかり,1
157,春日 一恵,2
158,東 景子,1
159,井原 真奈美,1
160,六角 ヒカル,1
161,浅田 啓介,1
162,志村 さゆり,1
163,北条 豊,1
165,妹尾 南朋,1
166,熊倉 ひろみ,2
167,西浦 遥,1
169,藤原 雅彦,1
171,杉野 友香,1
172,菅野 瞳,2
174,武藤 雅之,4
175,浜田 結子,2
176,平松 れいな,4
178,市川 祐一,2
179,南 美智子,3
180,沢 栄一,3
181,大高 杏,1
182,細川 真悠子,1
183,福永 杏,1
184,赤坂 高史,2
185,秋元 育子,1
186,若山 慶太,1
187,長瀬 翔,3
188,三浦 広之,1
189,永瀬 明日,1
190,平井 真希,2
192,中原 りえ,1
193,丹羽 夏希,1
194,宮川 サンタマリア,2
195,菅 砂羽,3
198,和泉 たかお,2
199,比嘉 努,4
200,大井 ひかり,2
201,吉本 右京,1
202,杉下 和之,2
204,西秋 大樹,1
205,永瀬 雅之,2
206,長友 長利,6
207,長谷川 知世,2
208,石垣 一輝,1
209,田沢 昌代,3
210,田淵 涼子,2
212,浜口 璃子,3
213,寺島 由美子,3
214,柳川 郁恵,2
215,神田 さんま,1
216,大場 一樹,1
217,本橋 小百合,2
218,神谷 孝太郎,2
219,酒井 真帆,4
220,谷本 陽介,3
221,岩井 浩太郎,3
222,黒沢 礼子,4
223,落合 小雁,1
224,川瀬 千佳子,3
226,井出 はじめ,2
229,大谷 勝久,2
230,武田 さとみ,3
231,新垣 陽子,1
232,小野田 真一,3
233,細井 美月,7
234,古沢 光洋,2
235,松野 咲,2
236,水谷 ひかり,6
237,島崎 早織,3
238,菊田 徹,5
239,磯野 秀樹,1
240,高岡 明慶,1
241,大竹 博之,6
242,岩崎 麻緒,3
243,伊丹 利夫,2
244,宇野 功補,3
245,若杉 満,2
246,おかやま あい,2
247,倉本 美希,1
248,石本 薫,2
249,宇佐美 鉄二,5
250,浜崎 優,2
251,松岡 光,1
252,杉原 桃子,3
253,車 剛基,1
255,米田 奈央,3
256,五十嵐 まひる,1
257,原 ひろみ,2
258,玉井 美佐子,2
259,小松 麗奈,3
260,羽田 ヒカル,2
261,栗田 慶二,1
262,柴山 惇,1
263,沢尻 拓郎,1
264,徳田 浩正,3
265,細川 桃子,1
266,小沼 薫,5
267,永野 くるみ,5
268,大橋 真一,4
269,岩田 めぐみ,1
271,谷 花,1
274,筒井 美和子,2
275,河原 満,4
276,五味 瞬,1
277,古沢 優,3
278,五味 遥,2
279,玉山 隆太,1
280,村上 俊二,3
281,小木 砂羽,2
282,山中 努,3
283,奥寺 麻由子,2
286,平良 麗奈,1
287,一青 真一,2
288,矢田 育二,4
289,堀田 将也,2
290,谷村 あさみ,3
291,本橋 寿々花,3
293,三村 三省,3
294,乾 茜,5
295,福士 栄一,5
296,手島 佳乃,1
297,梅沢 南朋,1
298,桜井 瞬,2
299,橘 優,3
300,石黒 めぐみ,2
301,上原 光臣,4
302,湯浅 優,2
303,辻本 みゆき,1
304,真矢 敏也,2
305,高樹 そら,1
306,矢沢 佑,2
307,榎本 なつみ,1
308,上山 小百合,2
309,江口 京子,1
310,松島 みゆき,4
311,和田 慎之介,2
312,高沢 進,1
313,内海 ジローラモ,3
314,松山 倫子,1
315,浜 達士,1
317,田辺 璃奈子,3
318,富岡 達士,2
319,榊原 美咲,4
320,米沢 信吾,2
321,西村 隼士,3
322,菅原 徹平,3
324,平 翔,2
325,落合 まさし,3
326,金田 なつみ,2
327,河村 たかお,1
328,岩谷 佳乃,2
329,浅見 洋介,2
330,石塚 新太,4
331,河田 あさみ,1
332,飯野 優,3
334,中里 浩太郎,3
335,堀口 碧海,3
336,武藤 隆太,2
337,田中 里穂,2
338,山田 扶樹,3
339,河本 淳子,3
340,伊東 はるみ,1
341,石渡 仁晶,2
342,大竹 了,1
343,熊田 れいな,1
344,森永 充則,1
345,大槻 優一,1
346,柳沢 真帆,1
347,藤沢 陽子,3
348,熊谷 ヒロ,2
349,広川 えみ,4
350,春日 妃里,3
351,大川 なつみ,2
353,中田 淳子,1
356,松本 沙耶,3
357,堀口 涼子,4
358,平岡 美咲,3
359,山中 賢治,1
361,河野 直人,3
362,満島 麻由子,1
363,金井 あき,2
364,阪口 崇史,2
366,山根 良介,1
367,今井 ジョージ,1
368,飛田 草太,1
369,塩見 哲平,6
370,中西 真一,3
371,藤田 優,3
372,吉岡 夏空,1
373,芹沢 京子,2
374,石塚 小百合,5
375,堀口 利夫,4
376,小川 薫,3
377,金沢 豊,1
378,八田 徹平,2
379,角 朝香,2
380,岩沢 光,4
381,川越 きみまろ,6
382,河村 美紀,6
383,八十田 徹平,2
385,稲垣 信輔,1
387,中村 大五郎,2
388,福本 兼,1
389,宮地 雅彦,1
391,三船 洋介,2
392,島本 涼,2
393,中里 路子,2
394,関口 優,1
395,堀田 れいな,1
397,伊集院 隆,2
398,山村 ひろ子,1
399,前原 聡,1
400,佐竹 玲那,1
401,内村 菊生,2
402,永島 真希,3
403,杉山 光,1
404,大谷 だん吉,2
405,上山 美咲,3
406,八木 かおり,2
407,山中 恭子,4
408,吉沢 優,2
409,中川 あき,2
410,大滝 三郎,3
411,山西 あさみ,2
412,坂東 沙知絵,1
413,黒崎 千佳子,2
414,山崎 直人,4
415,岡本 亜希,4
416,矢部 美佐子,3
417,大城 結子,2
418,若林 光臣,1
419,生瀬 華子,1
420,古屋 竜次,2
421,有村 龍吉,2
422,内野 明日,3
424,今泉 菜摘,2
425,織田 真希,3
426,奥田 恵子,2
427,金井 さんま,2
428,熊倉 桃子,3
429,田島 守,3
431,山下 豊,3
432,小町 さやか,3
434,平田 はるか,1
435,下村 拓郎,2
436,高柳 雅之,4
437,沢井 聡,4
438,川原 貴美子,4
439,赤木 孝太郎,1
440,内野 幸平,1
441,小口 美帆,5
442,竹内 俊介,3
443,川原 達士,3
444,武藤 法嗣,5
445,栗山 咲,2
446,久保田 麻緒,2
447,塚田 ひとみ,2
449,堀内 明日,6
450,内村 桃子,1
451,森山 一恵,1
452,杉山 ひろ子,2
453,石塚 杏,1
454,浅川 美紀,5
455,堤 寛,4
456,秋山 惇,1
457,柳 隼士,2
458,川原 めぐみ,2
459,三上 草太,1
461,岡 麗奈,1
462,亀田 正敏,3
463,松田 勤,2
464,岡本 敏和,4
465,小市 瞳,2
466,野上 美佐,3
467,山城 璃子,1
468,林田 直人,2
469,永井 小百合,1
471,土橋 大,1
472,荒木 良介,1
473,海老原 景子,7
475,大山 希,2
476,野中 明,2
477,園田 碧海,1
478,岸 千佳子,2
479,村田 りえ,1
480,福島 美里,1
481,今川 貴嶺,2
482,芦田 真吾,3
483,増田 はるみ,3
484,佐竹 莉沙,1
485,竹田 充則,1
486,藤野 早織,4
487,岩本 賢二,3
488,会田 光洋,2
489,寺井 真一,1
490,満島 はるみ,2
492,野島 竜也,2
494,中西 禄郎,3
495,藤村 光良,3
497,秦 浩介,3
499,松沢 良介,1
500,野村 みあ,1
